Bench S7081,Bench R6581T
-4.41787030E+00,+10.0003135E+00
-4.49160120E+00,+10.0003133E+00
-4.49243160E+00,+10.0003137E+00
-4.49230870E+00,+10.0003134E+00
-4.49273230E+00,+10.0003139E+00
